customer_id,name,city,city_tier,signup_date,acquisition_source,loyalty_tier
C001,Aarav,Mumbai,1,07-01-2026,Organic,Gold
C002,Vivaan,Delhi,1,27-02-2026,Referral,Gold
C003,Aditi,Mumbai,1,23-06-2026,Organic,Gold
C004,Ananya,Lucknow,2,23-01-2026,Organic,Silver
C005,Ishaan,Mumbai,1,08-01-2026,Referral,Gold
C006,Diya,Delhi,1,10-05-2026,Organic,Gold
C007,Kabir,Lucknow,2,20-02-2026,Organic,Silver
C008,Meera,Lucknow,2,18-04-2026,Ad,Silver
C009,Rohan,Lucknow,2,13-03-2026,Social,Silver
C010,Sara,Mumbai,1,10-02-2026,Organic,Gold
C011,Arjun,Bangalore,1,13-03-2026,Referral,Gold
C012,Priya,Bangalore,1,27-01-2026,Referral,Gold
C013,Karan,Mumbai,1,02-04-2026,Social,Gold
C014,Neha,Lucknow,2,09-03-2026,Social,Silver
C015,Yash,Jaipur,2,18-05-2026,Referral,Silver
C016,Pooja,Jaipur,2,21-01-2026,Organic,Silver
C017,Rahul,Lucknow,2,03-04-2026,Organic,Silver
C018,Simran,Mumbai,1,12-01-2026,Organic,Gold
C019,Dev,Bangalore,1,21-01-2026,Social,Gold
C020,Tara,Mumbai,1,08-04-2026,Ad,Gold
C021,Aryan,Bangalore,1,11-02-2026,Ad,Gold
C022,Kavya,Delhi,1,21-06-2026,Ad,Gold
C023,Nikhil,Mumbai,1,05-06-2026,Organic,Gold
C024,Riya,Lucknow,2,04-03-2026,Referral,Silver
C025,Varun,Jaipur,2,11-03-2026,Social,Silver
C026,Isha,Lucknow,2,26-02-2026,Organic,Silver
C027,Manav,Mumbai,1,28-02-2026,Social,Gold
C028,Shreya,Bangalore,1,13-04-2026,Ad,Gold
C029,Tanish,Delhi,1,26-05-2026,Social,Gold
C030,Anika,Bangalore,1,24-02-2026,Organic,Gold
C031,Aditya,Jaipur,2,14-06-2026,Ad,Silver
C032,Naina,Bangalore,1,05-02-2026,Ad,Gold
C033,Siddharth,Lucknow,2,18-05-2026,Ad,Silver
C034,Zara,Lucknow,2,20-04-2026,Social,Silver
C035,Krishna,Jaipur,2,03-04-2026,Ad,Silver
C036,Aisha,Delhi,1,11-05-2026,Ad,Gold
C037,Rudra,Mumbai,1,29-01-2026,Referral,Gold
C038,Myra,Delhi,1,24-06-2026,Ad,Gold
C039,Om,Mumbai,1,09-04-2026,Ad,Gold
C040,Vanya,Jaipur,2,16-05-2026,Ad,Silver
C041,Ayaan,Lucknow,2,03-01-2026,Organic,Silver
C042,Sanya,Mumbai,1,24-06-2026,Social,Gold
C043,Reyansh,Bangalore,1,14-06-2026,Ad,Gold
C044,Aria,Bangalore,1,22-04-2026,Referral,Gold
C045,Vihaan,Mumbai,1,09-03-2026,Social,Gold
